station_index,region_id,station_id,name,lon,lat,x_km,y_km
1,r000,10001,S001,-82.57299530154208,36.63972856203405,-452.75277546918517,-28.05761847127158
2,r004,10002,S002,-79.16054016499734,36.65966929436024,-148.22191630778704,-36.43857318773196
3,r009,10003,S003,-76.15319335794057,36.663089744746166,120.21441057104668,-36.494458461589495
4,r030,10004,S004,-82.22434427326368,37.19899621715914,-418.6401903587934,32.26478510645553
5,r061,10005,S005,-79.18915903174009,38.15883826354614,-147.87823011327768,129.7371197567495
6,r068,10006,S006,-75.82647151827256,38.15905255164953,146.50957245243677,129.7371197567481
7,r020,10007,S007,-82.47996715102036,36.98199025501297,-442.508368965104,9.384395858610613
8,r090,10008,S008,-79.31616643179866,39.51048471437776,-156.18369846928357,279.87559971001406
9,r099,10009,S009,-75.90855081071655,39.44031441397564,136.98871260221568,271.7462221540624
